{
  "name": "vl-umasheva-nejbuta",
  "ltLon": 131.9455592,
  "ltLat": 43.1293279,
  "rbLon": 131.9660298,
  "rbLat": 43.119195
}
