{
  "name": "omsk-center",
  "ltLon": 73.3765057,
  "ltLat": 54.976151,
  "rbLon": 73.4037999,
  "rbLat": 54.9658544
}